{
	"partitions" : [
		{
			"name" : "Top",
			"pins" : [
				{
					"name" : "AVALON_VGA_HS",
					"strict" : false
				},
				{
					"name" : "AVALON_VGA_VS",
					"strict" : false
				},
				{
					"name" : "AVALON_VGA_R[0]",
					"strict" : false
				},
				{
					"name" : "AVALON_VGA_R[1]",
					"strict" : false
				},
				{
					"name" : "AVALON_VGA_R[2]",
					"strict" : false
				},
				{
					"name" : "AVALON_VGA_R[3]",
					"strict" : false
				},
				{
					"name" : "AVALON_VGA_G[0]",
					"strict" : false
				},
				{
					"name" : "AVALON_VGA_G[1]",
					"strict" : false
				},
				{
					"name" : "AVALON_VGA_G[2]",
					"strict" : false
				},
				{
					"name" : "AVALON_VGA_G[3]",
					"strict" : false
				},
				{
					"name" : "AVALON_VGA_B[0]",
					"strict" : false
				},
				{
					"name" : "AVALON_VGA_B[1]",
					"strict" : false
				},
				{
					"name" : "AVALON_VGA_B[2]",
					"strict" : false
				},
				{
					"name" : "AVALON_VGA_B[3]",
					"strict" : false
				},
				{
					"name" : "avalon_dout[0]",
					"strict" : false
				},
				{
					"name" : "avalon_dout[1]",
					"strict" : false
				},
				{
					"name" : "avalon_dout[2]",
					"strict" : false
				},
				{
					"name" : "reset_n",
					"strict" : false
				},
				{
					"name" : "avalon_addr[13]",
					"strict" : false
				},
				{
					"name" : "avalon_addr[14]",
					"strict" : false
				},
				{
					"name" : "avalon_addr[15]",
					"strict" : false
				},
				{
					"name" : "avalon_read_n",
					"strict" : false
				},
				{
					"name" : "avalon_addr[16]",
					"strict" : false
				},
				{
					"name" : "avalon_cs_n",
					"strict" : false
				},
				{
					"name" : "avalon_Write_n",
					"strict" : false
				},
				{
					"name" : "clock_50",
					"strict" : false
				},
				{
					"name" : "avalon_din[2]",
					"strict" : false
				},
				{
					"name" : "avalon_addr[0]",
					"strict" : false
				},
				{
					"name" : "avalon_addr[1]",
					"strict" : false
				},
				{
					"name" : "avalon_addr[2]",
					"strict" : false
				},
				{
					"name" : "avalon_addr[3]",
					"strict" : false
				},
				{
					"name" : "avalon_addr[4]",
					"strict" : false
				},
				{
					"name" : "avalon_addr[5]",
					"strict" : false
				},
				{
					"name" : "avalon_addr[6]",
					"strict" : false
				},
				{
					"name" : "avalon_addr[7]",
					"strict" : false
				},
				{
					"name" : "avalon_addr[8]",
					"strict" : false
				},
				{
					"name" : "avalon_addr[9]",
					"strict" : false
				},
				{
					"name" : "avalon_addr[10]",
					"strict" : false
				},
				{
					"name" : "avalon_addr[11]",
					"strict" : false
				},
				{
					"name" : "avalon_addr[12]",
					"strict" : false
				},
				{
					"name" : "avalon_din[1]",
					"strict" : false
				},
				{
					"name" : "avalon_din[0]",
					"strict" : false
				}
			]
		}
	]
}